Region,Side,Treatment F value,Genotype F Value,Time.Point F Value,Treatment:Genotype F Value,Treatment:Time.Point F Value,Genotype:Time Point F Value,Treatment:Genotype:Time Point F Value,Treatment P value,Genotype P Value,Time.Point P Value,Treatment:Genotype P Value,Treatment:Time.Point P Value,Genotype:Time Point P Value,Treatment:Genotype:Time Point P Value
Brain Volume,Left,3.429,0.2078,0.7568,5.2985,0.2355,1.0787,0.1534,0.018214,0.649035,0.38544,0.001578,0.871545,0.300324,0.927421
Exterior,Left,1.4354,1.05,0.6565,0.8439,0.5538,4.6783,4.1479,0.233866,0.306832,0.41881,0.471435,0.646232,0.031809,0.007111
A24a,Left,0.6146,5.4752,0.8953,0.6635,2.1409,0.0407,3.2366,0.60635,0.02034,0.34527,0.57546,0.09652,0.84025,0.02341
A24a Prime,Left,0.3834,4.4261,0.1953,1.1998,1.2592,2.5174,3.0196,0.76511,0.03672,0.65904,0.31119,0.28974,0.11428,0.03106
A24b,Left,2.0521,0.7276,4.1625,0.2337,1.5788,0.076,0.4982,0.10808,0.39475,0.04273,0.87279,0.19595,0.78308,0.68394
A24b Prime,Left,0.2295,0.5798,16.3377,0.104,1.1392,0.004,4.1479,0.875761,0.447346,7.72E-05,0.957667,0.334524,0.949928,0.007111
A29a,Left,0.8301,5.1658,1.6138,1.7008,0.0812,2.8869,0.4455,0.47884,0.02417,0.20552,0.16833,0.97017,0.09096,0.7208
A29b,Left,1.9927,2.1886,1.8145,0.4256,0.4688,0.0696,2.5732,0.11655,0.14071,0.17959,0.73486,0.70439,0.79218,0.05541
A29c,Left,1.7816,1.3032,6.9374,1.4508,1.3372,0.0173,0.7196,0.15213,0.255073,0.009144,0.229468,0.263638,0.895474,0.541426
A30,Left,0.8056,0.357,3.3223,2.8465,0.4626,1.4686,0.0967,0.49219,0.55091,0.06993,0.0389,0.70872,0.22708,0.9618
A32,Left,1.1288,2.5145,11.2733,1.0307,0.3427,0.3248,2.5822,0.3386609,0.1144828,0.0009517,0.38022089,0.7944832,0.5694293,0.0547666
Au1,Left,4.4033,2.2604,27.8386,2.3768,0.9175,3.9856,0.9883,0.00509,0.1344,3.61E-07,0.07136,0.43353,0.04733,0.39945
AuD,Left,2.3029,0.2658,6.2449,1.6137,0.79,7.9702,0.6166,0.078453,0.606753,0.013312,0.187639,0.500865,0.005268,0.605023
AuV,Left,1.287,0.9608,26.961,2.3441,0.6726,0.2905,0.2271,0.2802,0.32823,5.36E-07,0.07442,0.56986,0.59052,0.87743
DLO,Left,1.0802,6.9329,4.4918,0.8915,0.1719,4.0814,1.1938,0.358728,0.009166,0.03537,0.446616,0.915275,0.044776,0.31344
Fr3,Left,0.6944,0.1612,7.0303,1.2294,0.211,0.2782,1.0779,0.556534,0.688527,0.008698,0.300326,0.888683,0.598498,0.359694
FrA,Left,2.5457,1.6405,23.2666,0.0914,0.8461,1.4462,0.4651,0.05741,0.20184,2.91E-06,0.96473,0.47024,0.223064,0.70701
Ins,Left,2.2784,0.3831,57.3873,2.1672,0.2424,0.24253,0.8566,0.08096,0.5367,1.58E-12,0.09334,0.86669,0.62098,0.46468
LO,Left,3.3009,1.1205,18.8225,2.0957,0.0612,1.0504,1.4862,0.02153,0.29117,2.23E-05,0.10224,0.98012,0.30674,0.2197
LPtA,Left,0.5722,0.8542,4.575,0.5701,0.9335,1.2448,2.0669,0.63399,0.35655,0.03373,0.63537,0.4256,0.26596,0.10606
M1,Left,2.5973,0.3702,0.0248,0.2953,0.2033,0.4344,0.3485,0.05371,0.5436,0.87505,0.82873,0.89404,0.51065,0.79028
M2,Left,1.6731,0.0026,0.1773,0.6519,1.8666,0.1087,2.626,0.17426,0.9592,0.67419,0.58268,0.13671,0.74203,0.05175
MO,Left,1.6606,3.5076,16.3632,3.4258,0.456,1.2714,1.0312,0.17701,0.06264,7.63E-05,0.01829,0.71336,0.26095,0.37997
MPtA,Left,0.5277,0.3736,9.54,0.3006,0.098,0.0306,1.2904,0.663805,0.541763,0.002315,0.824929,0.961045,0.861364,0.279027
PtPR,Left,0.98382,0.2561,3.2511,0.1323,1.1169,0.0002,0.7558,0.42333,0.61337,0.07298,0.94075,0.34351,0.98917,0.52024
S1,Left,0.8709,3.1691,1.5022,0.8135,0.5382,3.4425,1.266,0.45723,0.07666,0.22186,0.48786,0.65665,0.06511,0.2874
S1BF,Left,0.6655,0.8984,0.4241,0.4405,0.1042,0.6847,0.4323,0.5741,0.3444,0.5157,0.7243,0.9575,0.409,0.7301
S1DZ,Left,0.8999,2.542,10.6475,0.1549,0.2313,0.0516,0.1218,0.442329,0.112533,0.001309,0.92641,0.874476,0.820535,0.947198
S1FL,Left,0.9614,0.47,6.7942,0.126,0.2475,0.05,0.4035,0.412116,0.493845,0.009879,0.944608,0.86304,0.82336,0.750636
S1HL,Left,2.8,0.236,3.2021,0.4771,0.1692,1.0877,0.2755,0.04131,0.62767,0.07515,0.69857,0.91705,0.29831,0.84306
S1J,Left,0.3515,2.6804,5.2979,"17,364",0.4566,0.6665,0.6474,0.78808,0.10326,0.02245,0.161,0.71292,0.415531,0.58553
S1Sh,Left,1.0105,0.1103,6.5509,0.6045,0.2085,0.0552,1.0687,0.38929,0.74022,0.01127,0.61288,0.89044,0.81447,0.36361
S1Tr,Left,0.7214,0.1156,4.5705,0.1016,0.9524,0.007,1.8387,0.54034,0.73421,0.03382,0.95899,0.41645,0.93343,0.14158
S1ULp,Left,1.0258,0.9797,23.462,2.6509,1.4735,3.9491,0.3277,0.38239,0.32354,2.66E-06,0.05011,0.22316,0.04835,0.8053
S2,Left,2.3361,6.5909,24.3921,1.7816,0.7494,0.008,0.1075,0.07519,0.009078,1.73E-06,0.152132,0.523941,0.928928,0.955652
TeA,Left,1.0442,0.5638,54.3242,2.9735,0.3002,0.0199,0.1523,0.37421,0.45368,5.24E-12,0.03298,0.82524,0.88792,0.92812
V1,Left,0.0784,2.1453,6.6372,0.7182,0.2079,0.4559,0.9801,0.97165,0.14468,0.01075,0.54224,0.89084,0.50038,0.40328
V1B,Left,3.9377,1.8842,0.3322,1.8656,0.3031,1.1951,0.9293,0.009363,0.171492,0.565052,0.13688,0.823154,0.275706,0.427691
V1M,Left,0.3558,2.3713,1.7561,1.1079,0.354,0.4133,0.0577,0.785,0.1253,0.1867,0.3472,0.7863,0.5211,0.9818
V2L,Left,0.7716,0.0005,16.7328,2.7558,0.5498,0.7378,1.4636,0.51123,0.98286,6.38E-05,0.04375,0.64889,0.39144,0.22589
V2ML,Left,0.6497,0.6634,1.0385,1.5116,0.0334,0.2908,0.1193,0.584,0.4164,0.3095,0.2129,0.9918,0.5903,0.9487
V2MM,Left,0.5805,1.3606,0.9572,2.4,0.9971,0.824,1.1259,0.62852,0.24491,0.32915,0.06926,0.39539,0.36518,0.33982
VO,Left,0.6029,9.9582,3.8557,2.5432,0.5776,0.0021,0.265,0.613875,0.001865,0.051052,0.057593,0.630416,0.963589,0.850559
CEnt,Left,2.1646,0.7066,7.7466,1.2382,0.2884,2.1236,0.197,0.093648,0.401657,0.005931,0.297181,0.833775,0.146718,0.898348
DIEnt,Left,2.2749,1.5186,9.7337,3.6477,0.4077,0.0857,0.865,0.081327,0.219363,0.002094,0.013685,0.747626,0.770047,0.460287
DLEnt,Left,3.2939,10.1797,12.3136,4.1787,0.3902,0.1809,0.3606,0.0217276,0.0016641,0.0005627,0.0068297,0.7602227,0.6710534,0.7815036
MEnt,Left,3.4064,4.6746,3.6111,4.4623,0.1491,0.0864,0.82922,0.018759,0.031875,0.058926,0.004711,0.930182,0.769112,0.479318
VIEnt,Left,1.5711,9.6098,1.0478,4.8125,1.0253,0.0531,0.363,0.197823,0.002233,0.30733,0.002979,0.382596,0.817932,0.779768
CI,Left,1.7492,0.7364,12.806,2.215,1.1009,0.9942,0.0934,0.1584361,0.3919228,0.004396,0.0878033,0.3500506,0.3200005,0.9636036
DCI,Left,1.086,0.3974,9.5081,0.7622,1.4056,1.3157,0.6128,0.356262,0.529198,0.002354,0.516605,0.242558,0.252829,0.607493
PLCo,Left,1.3758,0.0218,0.1706,0.0222,1.0834,0.2281,0.3808,0.2515,0.8827,0.68,0.99555,0.3574,0.6335,0.767
VCl,Left,2.638,3.2168,0.7665,0.1531,0.4994,3.2486,1.4537,0.05096,0.07449,0.38241,0.92757,0.68318,0.07308,0.22867
Hc,Left,0.2916,0.025,12.1425,1.8948,0.2226,1.4855,0.6603,0.8314715,0.874589,0.0006132,0.1396212,0.8806427,0.2244432,0.577741
DTT,Left,1.6339,0.3915,2.5144,0.648,1.7019,0.0002,2.5316,0.18298,0.53225,0.11449,0.5851,0.16809,0.98934,0.05846
Ect,Left,1.2014,0.99229,51.0367,2.7883,0.605,0.5527,0.6647,0.31058,0.32031,1.94E-11,0.04195,0.61255,0.45815,0.57471
PaS,Left,3.0372,2.2784,2.0074,3.0931,0.2385,1.8928,0.0694,0.03036,0.13286,0.15818,0.02823,0.86942,0.17052,0.9762
PRh,Left,1.5577,0.1905,48.125,0.0374,3.8131,0.105,0.6091,0.20114,0.66302,6.26E-11,0.9903,0.01102,0.74626,0.60987
PrS,Left,0.5821,3.5948,3.1264,0.3124,0.5357,0.6362,0.4803,0.62748,0.0595,0.07865,0.81641,0.65839,0.42609,0.6964
Pir,Left,1.8669,0.9635,4.2333,1.949,0.1665,1.6608,0.6057,0.13664,0.32756,0.04102,0.12318,0.91885,0.19908,0.61205
APir,Left,0.3266,1.0717,8.7987,2.2304,0.5947,0.6992,0.501,0.806111,0.301888,0.003406,0.086095,0.619205,0.404109,0.682063
Hyp,Left,1.6863,3.7175,14.3678,3.2958,1.5399,7.7619,0.8885,0.171413,0.0553501,0.0002024,0.0216724,0.205616,0.0058829,0.448122
Preopt,Left,2.2357,0.2165,4.0598,1.752,0.2958,2.2605,0.327,0.08551,0.64227,0.04534,0.15788,0.8284,0.13439,0.80582
Sthal,Left,0.2948,1.6928,4.0446,3.4512,0.1992,0.4796,0.3867,0.82911,0.19482,0.04574,0.01769,0.89681,0.48944,0.76271
SPT,Left,0.9353,0.0472,10.0553,0.9575,0.6471,0.9594,0.3153,0.424732,0.828311,0.001774,0.414011,0.585716,0.328605,0.814297
GP,Left,2.0352,8.1226,0.0016,4.1723,1.0452,0.1623,0.8616,0.11043,0.004859,0.968242,0.006887,0.37381,0.687493,0.462084
CPu,Left,0.6425,15.3542,14.0512,0.9725,0.8008,7.1129,0.8817,0.5885776,0.0001247,0.0002366,0.4068832,0.4948318,0.0083204,0.4516002
Amy,Left,3.209,0.5236,0.2557,3.3616,1.4082,0.0168,0.4031,0.02427,0.4702,0.61367,0.01989,0.24178,0.89687,0.75096
Acb,Left,0.7554,0.0968,4.4347,1.8586,0.9683,0.3213,1.79,0.52048,0.75605,0.03654,0.13809,0.40885,0.57149,0.15053
BNst,Left,0.7235,2.5968,1.1652,2.2493,0.2295,4.3262,0.3731,0.5391,0.10876,0.28177,0.08404,0.87575,0.03889,0.77251
Vpal,Left,1.1152,8.9,0.0021,2.3543,1.0006,6.4277,1.5637,0.3442,0.003232,0.96389,0.07345,0.39379,0.01205,0.19965
PAG,Left,1.3306,4.1517,0.5581,0.5039,0.135,0.2197,0.683,0.26577,0.04299,0.45598,0.68004,0.93909,0.63984,0.56345
APT,Left,0.6936,2.1122,19.1551,1.88,0.7718,0.5053,1.3451,0.557,0.1478,2.00E-05,0.1344,0.5111,0.478,0.2611
VTA,Left,1.3556,5.9261,0.1118,0.9048,0.6031,0.3498,0.5913,0.25782,0.01585,0.73847,0.43988,0.61378,0.55495,0.6214
Thal_R,Left,0.9647,20.2525,2.6959,1.3269,4.2051,0.1089,1.0189,0.410557,1.19E-05,0.102276,0.266968,0.006598,0.7417224,0.385456
VT,Left,0.2011,9.0361,8.0221,4.4441,0.5635,1.2483,0.8759,0.895542,0.003008,0.005125,0.004825,0.63972,0.265311,0.454634
LDNT,Left,1.4397,0.0316,0.137,0.4234,0.8062,0.0289,0.188,0.2326,0.859,0.7117,0.7364,0.4919,0.8651,0.9045
MGN,Left,0.973,0.0899,1.4494,1.5132,1.5716,0.311,0.0222,0.4066,0.7646,0.2301,0.2125,0.1977,0.5777,0.9955
LGN,Left,1.3328,7.6327,5.1636,1.3464,1.2755,0.184,0.0643,0.265064,0.006302,0.024197,0.260718,0.284117,0.66846,0.978646
ZI,Left,1.5753,5.1813,2.4632,2.555,0.5567,0.2533,2.4941,0.1968,0.02396,0.11822,0.05672,0.64425,0.61537,0.06136
RTN,Left,1.8825,1.8816,19.8957,2.9487,1.2046,0.7322,0.8054,0.13398,0.17179,1.41E-05,0.03406,0.30939,0.39327,0.49228
Sub_PP,Left,1.3581,2.9595,0.0979,4.0412,1.0683,0.4906,0.7384,0.257035,0.087022,0.754759,0.008177,0.363777,0.4845229,0.530381
DpMe,Left,0.8134,1.6799,7.1692,2.6045,0.207,1.4384,0.1841,0.487904,0.196523,0.008073,0.053213,0.891442,0.231902,0.907129
SC,Left,2.8969,0.3485,5.6141,1.1129,0.5857,0.073,0.6223,0.03643,0.55567,0.01883,0.34511,0.62508,0.78729,0.60138
IC,Left,2.219,0.7406,0.2048,1.946,0.7561,0.4924,0.3285,0.08736,0.39057,0.65143,0.12366,0.5201,0.48374,0.80474
SN,Left,2.219,0.7406,0.2048,1.946,0.7561,0.4924,0.3285,0.08736,0.39057,0.65143,0.12366,0.5201,0.48374,0.80474
RPC,Left,0.7517,5.2572,7.9076,0.0995,0.6893,1.4924,0.1384,0.522601,0.022963,0.005445,0.960181,0.559643,0.223368,0.936966
MRN,Left,0.1273,0.0753,6.8451,1.9582,22.0242,1.6587,0.1278,0.94381,0.784037,0.009611,0.1221759,0.111983,0.199359,0.943508
RI,Left,1.8305,0.4691,0.8896,3.2338,0.9897,0.4741,1.075,0.1431,0.4943,0.3468,0.0235,0.3988,0.492,0.3609
Cn,Left,0.1241,3.765,4.0162,0.9877,1.0115,1.3614,0.2197,0.94577,0.05383,0.0465,0.39976,0.38884,0.24477,0.88264
PrCn,Left,1.9998,0.5267,3.4152,1.399,0.696,0.6044,0.3825,0.1155,0.46888,0.06617,0.24451,0.55557,0.43787,0.76574
BS_R,Left,1.0197,0.2079,6.7089,0.2589,0.6552,0.559,1.1201,0.3851,0.64897,0.01035,0.85493,0.5806,0.4556,0.34217
Iped,Left,2.6316,0.045,5.5567,1.3331,0.3213,1.0585,1.1981,0.05138,0.83217,0.01944,0.26495,0.81007,0.30487,0.31181
Cb_1_10,Left,3.3724,2.6443,17.114,0.3447,0.6993,0.2092,0.1283,0.01961,0.1056,5.30E-05,0.79299,0.55358,0.64796,0.94324
Den,Left,0.6456,3.3054,0.1474,0.567,0.3388,0.1985,1.3049,0.58665,0.07064,0.70147,0.63742,0.79728,0.65641,0.27417
Int,Left,0.6964,0.0185,1.6959,1.0472,1.2128,0.2911,0.6023,0.5553,0.8919,0.1944,0.3729,0.3064,0.5902,0.6143
FasDL,Left,0.9403,1.1324,2.3325,0.636,0.6267,3.1157,1.0948,0.42227,0.28863,0.12838,0.59267,0.59859,0.07916,0.35259
FasMed,Left,0.6521,0.0004,7.8059,1.417,1.2124,0.1852,0.038,0.582577,0.984514,0.005747,0.239188,0.306524,0.667399,0.990084
VII,Left,1.009,1.5318,0.074,0.4181,0.6009,4.6106,0.0921,0.38994,0.21738,0.78589,0.74024,0.61519,0.03306,0.96432
ParB,Left,0.8753,4.1495,0.0054,1.687,0.9626,2.724,0.6596,0.45494,0.04305,0.94148,0.17126,0.41157,0.10052,0.57786
KF,Left,0.4419,0.7915,0.3988,2.5088,0.139,0.1982,0.8056,0.72334,0.37477,0.52847,0.06021,0.93656,0.65669,0.49221
PCRt,Left,1.4526,2.494,6.4977,0.949,1.0067,0.7604,0.5946,0.229,0.116,0.0116,0.4181,0.391,0.3843,0.6193
CG,Left,0.9938,1.2339,2.7477,0.1698,2.3701,2.404,0.4576,0.39692,0.26807,0.09906,0.9167,0.07197,0.12271,0.71223
Su5,Left,0.3377,2.1658,0.1924,0.8199,1.0574,2.9488,0.3962,0.79812,0.14279,0.66143,0.48437,0.36846,0.08759,0.75591
m5,Left,0.1874,0.074,10.9042,0.4921,0.5003,0.107,0.3244,0.904885,0.785857,0.001148,0.688164,0.682543,0.743925,0.807702
5N,Left,2.0545,2.5097,5.686,2.389,1.879,0.718,0.6833,0.10775,0.11483,0.0181,0.07024,0.13458,0.39788,0.56329
PnO,Left,1.5841,0.8593,25.6164,0.8154,0.5965,0.5871,0.497,0.1947,0.3551,9.88E-07,0.4868,0.618,0.4445,0.6848
Raph,Left,1.3972,3.2699,0.0123,0.1592,1.2623,0.5978,0.4388,0.24505,0.07216,0.91185,0.92366,0.28865,0.44037,0.72552
Pr5,Left,1.9464,2.1632,13.3536,0.3626,0.861,1.1526,2.9542,0.1235868,0.1430261,0.0003345,0.7800889,0.4623987,0.2843864,0.0338179
DTg,Left,0.7597,3.8916,1.1289,2.7699,0.5497,0.044,0.1401,0.51805,0.04999,0.28938,0.04296,0.64895,0.83407,0.93591
Tg,Left,0.4242,0.5417,0.0015,0.0513,1.2935,1.3358,0.1196,0.7359,0.46226,0.969,0.9846,0.278,0.2492,0.9485
CoN,Left,1.2428,0.0712,5.5381,1.1352,1.2777,0.0006,1.4109,0.29554,0.78992,0.01964,0.33613,0.28335,0.98106,0.24098
Pn,Left,0.5499,2.9131,0.6176,0.2084,1.14,0.4807,0.3792,0.6488,0.08952,0.43295,0.89049,0.33422,0.48898,0.76808
RTg,Left,1.5906,2.3725,2.3349,1.7405,0.9713,0.5788,1.8946,0.1931,0.1252,0.1282,0.1602,0.4074,0.4477,0.132
Oliv,Left,1.1244,0.05582,10.3767,1.5265,0.5884,0.01152,1.0604,0.340444,0.80969,0.001504,0.209037,0.623352,0.902132,0.367196
PnC,Left,1.2468,1.671,5.1151,0.76,0.0707,3.3726,1.5067,0.29348,0.19771,0.02486,0.51786,0.97552,0.06787,0.21422
Sp5,Left,2.6949,0.245,2.1562,0.3281,0.7784,0.4615,2.2285,0.04734,0.62116,0.14367,0.80507,0.50736,0.49777,0.0863
Ve,Left,1.6554,0.0554,9.0172,1.5201,3.66,0.803,0.928,0.178158,0.941475,0.003038,0.210702,0.013467,0.371355,0.428335
Gi,Left,0.8378,1.3316,11.5391,0.5543,0.2852,1.7078,0.3316,0.4746755,0.249985,0.0008317,0.645888,0.8360732,0.1928655,0.802496
Cu,Left,0.3445,0.8539,2.3156,0.9787,0.7252,1.9698,2.8077,0.7932,0.3566,0.1298,0.4039,0.5381,0.1621,0.0409
ac,Left,1.9399,0.8864,10.4564,1.4892,1.1942,4.5243,0.8606,0.124613,0.347652,0.001444,0.218887,0.31327,0.034721,0.462594
ot,Left,0.3492,0.17022,26.8684,1.12204,0.0558,0.3877,0.8238,0.7898,0.6804,5.59E-07,0.3421,0.9826,0.5343,0.4823
fi,Left,2.3823,0.0255,0.5108,2.3544,0.0445,0.2214,0.7182,0.07085,0.87325,0.47567,0.07344,0.98751,0.63852,0.54225
cc,Left,2.111,1.2033,0.0951,0.9338,0.2179,3.278,0.7708,0.10027,0.27407,0.75811,0.42549,0.88389,0.07181,0.51169
fx,Left,0.7201,1.5709,1.1343,2.6009,0.0851,0.0275,0.971,0.54112,0.21163,0.28823,0.05346,0.96809,0.86839,0.40755
st,Left,1.0996,7.8016,0.2257,1.2026,0.3674,1.6866,2.2152,0.3506,0.00576,0.63531,0.31013,0.77659,0.19565,0.08778
cg,Left,0.8486,9.0766,1.093,0.448,1.4625,0.0143,3.3296,0.468899,0.002946,0.297147,0.719018,0.2262,0.905051,0.020738
Io,Left,1.1137,0.0145,1.4211,2.732,0.5883,0.9796,0.275,0.34481,0.9042,0.23473,0.04512,0.62336,0.32357,0.84341
vhc,Left,0.1123,2.4642,0.3288,1.3825,0.0155,0.3213,0.4993,0.9528,0.1182,0.5671,0.2495,0.9973,0.5715,0.6832
ic,Left,3.1424,0.5125,30.7676,1.3944,0.3139,0.9727,1.73244,0.02647,0.47495,9.77E-08,0.2459,0.81532,0.32526,0.16182
fr,Left,2.7811,0.3911,1.36,0.9745,0.4871,0.3089,1.2744,0.04234,0.53247,0.24502,0.40592,0.69164,0.57899,0.2845
sm,Left,0.4617,0.2187,0.2575,2.9358,1.3251,0.2058,0.6616,0.7094,0.64059,0.61246,0.03464,0.26755,0.65063,0.57664
mt,Left,0.6604,1.3445,0.08,1.5308,0.7395,11.9517,0.955,0.577363,0.2477102,0.7776669,0.2079413,0.5297169,0.0006751,0.4151924
pc,Left,2.4702,0.0001,0.9655,0.7459,2.0966,2.093,1.6036,0.06328,0.99159,0.32708,0.52598,0.10213,0.14964,0.19001
bsc,Left,0.1088,2.3245,2.0301,1.7053,0.3574,0.2836,0.3998,0.9549,0.129,0.1559,0.1674,0.7838,0.595,0.7533
cp,Left,0.3676,2.8863,20.4882,0.7202,0.4487,0.8895,0.1925,0.77645,0.09099,1.06E-05,0.54107,0.71847,0.34683,0.90145
ll,Left,0.279,2.1314,1.1017,0.9226,0.4389,0.0164,0.1142,0.8405,0.146,0.2952,0.431,0.7254,0.8983,0.9517
sp5,Left,0.0773,0.0064,3.9016,0.8215,0.253,2.393,1.5854,0.9722,0.9365,0.0497,0.4835,0.8591,0.1236,0.1943
py,Left,1.7826,0.632,1.6029,1.855,1.4041,0.345,0.1312,0.1519,0.42276,0.20711,0.1387,0.243,0.5577,0.9414
n8,Left,0.5097,0.5729,0.8485,1.2592,0.1141,1.2228,0.9507,0.6761,0.45,0.3581,0.2897,0.9518,0.2702,0.4173
n7,Left,0.5399,0.1305,3.7772,0.422,0.8954,1.9075,0.3997,0.65552,0.71833,0.05345,0.73746,0.44462,0.16888,0.75338
Ifp,Left,1.0723,0.6811,0.8365,0.5916,1.209,2.8961,0.2413,0.36208,0.41024,0.36156,0.62125,0.30779,0.09045,0.86741
mlf_ts,Left,2.8199,2.3113,4.1166,0.4212,0.6209,2.3801,0.5008,0.04026,0.13011,0.04388,0.73798,0.60227,0.12457,0.6822
sc,Left,0.6742,2.7506,14.5148,1.1879,0.2071,1.2261,0.7875,0.5688342,0.0988841,0.0001883,0.3156647,0.8913807,0.269575,0.502228
ml,Left,1.0224,0.0117,0.0321,1.3734,1.3057,0.3451,1.2378,0.3839,0.9139,0.8579,0.2523,0.2739,0.5576,0.2973
vsc,Left,1.0229,1.0617,2.2078,2.2934,0.6152,0.4223,0.1806,0.38367,0.20723,0.13899,0.07942,0.60595,0.51657,0.90947
mcp,Left,0.455,8.2054,0.2165,0.2999,0.153,0.4945,0.541,0.714037,0.004652,0.642236,0.825473,0.927675,0.482807,0.654772
scp,Left,3.286,1.6167,1.0127,1.6967,1.0135,6.2712,0.8545,0.02195,0.20513,0.31556,0.16919,0.38792,0.01312,0.46581
icp_oc_tz,Left,0.2722,0.5296,1.0746,1.1562,0.5166,0.9419,0.8685,0.8454,0.4677,0.3012,0.3278,0.6713,0.333,0.4585
cbw,Left,4.1612,9.2166,1.1285,0.2501,0.6405,1.6328,0.5049,0.006988,0.002739,0.289469,0.861117,0.589852,0.202891,0.679365
LV,Left,0.6215,2.8666,4.5991,1.1336,0.0839,0.0319,0.125,0.60194,0.09209,0.03327,0.33674,0.96877,0.85845,0.94522
A25,Left,0.701,4.1419,0.3111,11.3962,0.2308,1.6794,1.1294,0.55257,0.04324,0.57765,0.24536,0.87483,0.19659,0.33843
das,Left,0.2821,0.2447,0.4423,0.9247,0.5546,0.5896,1.0603,0.8383,0.6214,0.5068,0.43,0.6457,0.4436,0.3672
Post,Left,1.8692,13.9047,2.7019,1.7867,1.328,4.587,0.5736,0.1362606,0.0002544,0.10189922,0.1511668,0.2666106,0.0335031,0.6330153
4V,Left,1.3311,0.8323,0.6491,0.0572,1.1314,0.0053,0.9746,0.2656,0.3628,0.4214,0.982,0.3376,0.9423,0.4059
MiTg,Left,1.001,0.3723,1.5692,2.0419,1.1027,0.3981,0.1629,0.3936,0.5425,0.2119,0.1095,0.3493,0.5289,0.9212
PT,Left,0.6526,2.2838,0.0552,0.2575,0.7865,0.4716,1.2607,0.5822,0.1324,0.8146,0.8559,0.5028,0.4931,0.2892
LDVL,Left,1.3789,7.5237,0.7531,2.2334,0.6675,0.0585,0.2277,0.250577,0.006678,0.386589,0.085765,0.573002,0.809205,0.877021
LP,Left,3.0915,1.4042,0.0131,1.7501,0.9024,0.5725,0.427,0.02828,0.23752,0.90898,0.15827,0.44106,0.45021,0.7339
Athal,Left,0.223,0.0179,0.1656,2.0836,0.2199,2.6358,1.2729,0.8803,0.8938,0.6845,0.1038,0.8825,0.1062,0.285
RMC,Left,3.3311,0.12293,2.5088,0.9983,1.1346,1.2473,0.3009,0.0207,0.7195,0.1149,0.3948,0.3364,0.2655,0.8247
PaR,Left,0.6401,5.1993,0.0009,2.50911,1.0478,5.0391,0.1426,0.59011,0.02372,0.97633,0.06018,0.37266,0.02595,0.93432
RR,Left,0.2605,1.6717,0.1331,2.0725,0.9355,0.0383,0.2517,0.8538,0.1976,0.7156,0.1053,0.4246,0.845,0.8601
CSF,Left,1.4058,1.0709,0.0264,0.4613,0.13229,0.1514,0.0842,0.2425,0.3021,0.8712,0.7096,0.9404,0.6977,0.9686
IRN,Left,0.2733,0.692,6.9377,1.6476,0.7134,0.4367,0.594,0.844601,0.406529,0.009143,0.179888,0.545116,0.509532,0.619644
PHD_PaMP_Post_and_LatHy ,Left,0.2512,4.3882,2.004,0.3992,1.7886,8.5179,0.721,0.860411,0.037529,0.158909,0.753707,0.150804,0.003946,0.540609
PR_p3Tg_L,Left,1.6317,1.8132,2.2747,2.6228,1.0116,0.0145,1.1041,0.18348,0.17975,0.13318,0.05197,0.38878,0.90417,0.34873
A24a,Right,0.8944,2.8499,9.6387,1.0304,1.2637,0.7057,2.7654,0.44514,0.09304,0.0022,0.38034,0.28818,0.40194,0.04321
A24a Prime,Right,1.1223,0.8033,0.5761,3.0738,0.456,3.2147,2.2569,0.34128,0.37126,0.44881,0.02895,0.71334,0.07459,0.08322
A24b,Right,1.3596,1.1935,1.2314,0.4866,2.0943,0.2552,0.324,0.2566,0.276,0.2686,0.692,0.1024,0.614,0.808
A24b Prime,Right,0.629,0.504,1.9832,0.149,1.3922,0.4625,5.0929,0.597106,0.478615,0.160708,0.930243,0.246547,0.497275,0.002064
A29a,Right,1.0212,0.7281,1.1809,2.7877,0.0689,0.5253,0.3375,0.38445,0.39458,0.27857,0.04198,0.97642,0.4695,0.79825
A29b,Right,1.0274,0.3582,3.8855,4.792,0.1535,0.5026,2.6762,0.38168,0.55021,0.05017,0.00306,0.92734,0.47924,0.0485
A29c,Right,0.4168,0.2561,0.1671,4.2818,0.0489,0.0651,0.1744,0.741111,0.613382,0.683211,0.005967,0.985636,0.798924,0.9136
A30,Right,1.1888,0.1458,7.9213,3.5462,0.536,1.1213,0.1641,0.31532,0.702971,0.005406,0.015628,0.658158,0.291005,0.920409
A32,Right,0.2498,0.247,23.6139,0.983,0.1506,0.1532,1.7939,0.8614,0.6198,2.48E-06,0.4019,0.9292,0.6959,0.1498
Au1,Right,2.8003,0.9842,0.1869,0.8614,0.854,0.1182,1.3601,0.0413,0.3224,0.666,0.4622,0.4661,0.7314,0.2564
AuD,Right,3.1942,0.3155,10.8925,4.7324,0.7236,0.7121,0.8565,0.024743,0.57497,0.001155,0.003308,0.539061,0.399833,0.464746
AuV,Right,4.5899,5.0387,1.4635,1.4404,0.5526,0.0123,0.2676,0.003986,0.025952,0.227886,0.232437,0.647034,0.911828,0.848676
DLO,Right,0.4244,0.4417,0.4983,0.3734,2.9146,0.3036,1.8567,0.7357,0.5071,0.4811,0.7723,0.0356,0.5823,0.1384
Fr3,Right,0.2681,0.3709,65.9741,1.8408,0.3634,0.763,0.3233,0.8484,0.5433,5.91E-14,0.1412,0.7795,0.3835,0.8085
FrA,Right,0.2253,2.2906,40.3187,0.7065,1.6977,0.2761,2.6037,0.87874,0.13184,1.58E-09,0.54924,0.16899,0.59987,0.05326
Ins,Right,2.9831,0.0844,19.3919,0.3588,1.1611,0.0104,1.057,0.03257,0.7718,1.78E-05,0.78285,0.32592,0.91896,0.36864
LO,Right,0.8966,3.5523,8.588,4.1496,1.533,0.6085,1.2338,0.444015,0.061005,0.003803,0.007095,0.207383,0.436349,0.298739
LPtA,Right,0.7503,4.177,1.6916,1.3411,0.24,0.6466,0.5025,0.52344,0.04237,0.19498,0.2624,0.86834,0.42234,0.68099
M1,Right,0.2361,5.9131,17.7212,0.2037,1.5956,0.1201,0.1993,0.87113,0.01597,3.96E-05,0.89376,0.19191,0.72928,0.89679
M2,Right,0.65,3.2971,12.4389,0.3937,2.8499,0.8289,3.4136,0.5838854,0.0709954,0.0005283,0.757692,0.0387253,0.3637429,0.0185834
MO,Right,1.5445,1.2105,16.2325,2.8329,0.0293,2.2036,1.1708,0.20446,0.27263,8.13E-05,0.03959,0.99322,0.13936,0.32215
MPtA,Right,1.2602,4.6008,2.6083,0.6534,0.3032,0.1046,0.859,0.28939,0.03324,0.10798,0.58173,0.82306,0.74678,0.46343
PtPR,Right,0.9586,4.1686,3.7875,1.1995,0.359,1.2677,0.3551,0.41346,0.04258,0.05313,0.31131,0.78267,0.26163,0.78548
S1,Right,1.4109,0.7392,8.538,6.8942,0.3231,0.2691,0.8372,0.2409744,0.3910118,0.0039046,0.0001983,0.8086621,0.6045739,0.4749871
S1BF,Right,2.6003,1.3571,26.7804,2.7995,0.1718,0.6128,0.1963,0.0535,0.24551,5.82E-07,0.04134,0.91533,0.43471,0.89884
S1DZ,Right,3.3972,1.1083,7.755,1.1134,0.107,0.8155,0.2607,0.018986,0.293813,0.005903,0.344937,0.955939,0.367657,0.853654
S1FL,Right,2.9054,1.8429,7.5669,1.1697,0.4412,0.0738,0.2417,0.036033,0.176235,0.006526,0.322604,0.723841,0.786205,0.867191
S1HL,Right,5.3878,7.119,0.5375,1.5283,0.8473,0.7573,0.2028,0.001404,0.008293,0.464378,0.208589,0.469636,0.385274,0.894374
S1J,Right,0.4638,0.2417,26.2298,0.7275,1.0907,0.0145,0.9995,0.7079,0.6235,7.47E-07,0.5367,0.3543,0.9044,0.3943
S1Sh,Right,2.9687,0.5037,3.1623,0.4879,0.2138,0.0526,1.0268,0.03319,0.47877,0.07697,0.69108,0.88674,0.81886,0.38193
S1Tr,Right,1.8057,1.6303,3.6851,1.2198,0.7577,0.0309,2.0598,0.14759,0.20324,0.05642,0.30383,0.5192,0.86062,0.10703
S1ULp,Right,1.2907,0.7793,50.9635,1.4021,1.7663,0.1366,0.3201,0.2789,0.3785,1.99E-11,0.2436,0.1551,0.7121,0.8108
S2,Right,2.4782,3.545,23.8279,1.5262,3.3308,0.0078,0.7508,0.06263,0.06127,2.24E-06,0.20911,0.0207,0.92972,0.52314
TeA,Right,2.251,0.7885,2.9313,0.0315,0.5041,0.1211,0.7073,0.08386,0.3757,0.08852,0.99246,0.67991,0.72818,0.54876
V1,Right,0.1249,0.6542,1.6604,1.9204,0.2817,0.055,0.6933,0.9453,0.4196,0.1991,0.1277,0.8386,0.8149,0.5572
V1B,Right,1.9425,1.0514,6.188,3.0721,0.2471,0.0832,0.5812,0.1242,0.3065,0.01373,0.02901,0.86323,0.77329,0.62807
V1M,Right,1.8727,2.0303,12.931,1.9327,0.4282,0.1012,0.0928,0.1356503,0.1558452,0.0004129,0.1257552,0.7330322,0.7507476,0.9639631
V2L,Right,0.616,2.6797,14.0801,1.5276,1.1701,0.7497,0.0479,0.6054367,0.1033107,0.0002333,0.2087609,0.3224166,0.387682,0.9860633
V2ML,Right,0.6141,2.6603,2.7434,3.647,0.5214,0.8329,0.4962,0.60669,0.10456,0.09933,0.0137,0.66808,0.3626,0.68532
V2MM,Right,0.8514,1.31,13.1974,4.5977,0.8379,0.3519,0.3719,0.4675609,0.2538525,0.0003616,0.0039456,0.4746432,0.5537739,0.7733408
VO,Right,2.3238,7.2764,0.027,1.4894,0.4924,0.4983,0.6676,0.076381,0.007622,0.869691,0.218835,0.68798,0.48114,0.572929
CEnt,Right,0.9872,0.751,9.2374,2.0787,0.9267,0.0359,2.1021,0.399878,0.387259,0.002709,0.104485,0.428936,0.849952,0.101415
DIEnt,Right,3.0871,0.3582,1.0587,0.594,0.3139,0.5333,0.5468,0.02844,0.55022,0.30484,0.61969,0.81534,0.46612,0.65089
DLEnt,Right,2.8387,3.1983,2.0255,1.468,0.9713,1.1144,0.0607,0.03929,0.07532,0.15633,0.22467,0.40743,0.29249,0.98036
MEnt,Right,1.3474,6.1429,0.0003,2.5212,0.5129,0.6805,0.2675,0.26039,0.01407,0.9851,0.05925,0.67388,0.41047,0.84875
VIEnt,Right,0.6591,3.671,0.0134,1.7394,1.1345,1.6866,0.306,0.5782,0.05688,0.90786,0.1604,0.336391,0.19564,0.82105
CI,Right,0.9925,0.0485,2.9635,3.4195,1.4825,0.0833,0.4055,0.39751,0.82593,0.08681,0.01844,0.22071,0.77318,0.74919
DCI,Right,0.5984,0.0172,2.633,0.9618,0.999,1.5122,1.1367,0.6168,0.8959,0.1063,0.4119,0.3945,0.2203,0.3355
PLCo,Right,0.8248,0.5425,0.3925,0.691,0.3328,0.2491,2.8091,0.48168,0.46232,0.53177,0.55858,0.80164,0.61833,0.04082
VCl,Right,1.8997,0.2942,7.5831,0.2088,2.4143,0.1763,0.324,0.13111,0.58817,0.00647,0.89023,0.068,0.67509,0.80803
Hc,Right,0.1651,0.4459,13.1026,2.9548,0.2734,0.4126,0.5152,0.919761,0.5051263,0.0003791,0.0337907,0.8445627,0.521414,0.6723246
DTT,Right,0.6301,0.0706,0.779,0.4059,0.8842,0.1068,1.242,0.596,0.7908,0.3786,0.7489,0.4503,0.7442,0.2958
Ect,Right,0.9645,0.9304,13.4963,1.1698,0.3826,0.2231,0.2602,0.4106349,0.3360036,0.0003116,0.3225366,0.7656748,0.6372484,0.8540027
PaS,Right,2.3049,0.9933,2.2793,3.8721,1.1875,0.7665,0.1403,0.07826,0.32021,0.13279,0.0102,0.3158,0.38242,0.93573
PRh,Right,3.8835,2.41,2.8088,1.1248,1.0923,0.5291,0.1974,0.01005,0.12225,0.09541,0.34027,0.35362,0.4679,0.89804
PrS,Right,4.6254,2.1052,0.7283,0.2038,0.4954,0.4145,0.1523,0.003805,0.148462,0.39451,0.8937,0.6859,0.520469,0.92813
Pir,Right,0.3853,8.0626,4.7247,0.2488,0.5538,0.2924,0.1621,0.763745,0.005016,0.030982,0.862148,0.646206,0.589318,0.921757
APir,Right,1.1788,1.3214,0.0832,0.1497,0.2446,0.0083,0.8528,0.3191,0.2518,0.7734,0.9298,0.8651,0.9277,0.4667
Hyp,Right,1.1092,5.4106,14.4207,3.4742,1.3185,3.2866,1.0525,0.346656,0.0210807,0.0001972,0.0171695,0.269706,0.0714438,0.3706229
Preopt,Right,1.442,0.202,1.4031,0.8521,0.6582,5.0441,0.3895,0.23197,0.65365,0.23769,0.46705,0.57879,0.02587,0.76069
Sthal,Right,1.5828,0.0253,8.9103,1.5459,0.5211,0.1362,2.1346,0.194984,0.873807,0.003213,0.204085,0.668286,0.712516,0.097296
SPT,Right,0.2872,0.2071,9.6002,4.3799,0.0581,0.4272,0.6241,0.834586,0.649609,0.002244,0.005248,0.981564,0.514168,0.600279
GP,Right,0.9034,7.4073,9.7944,3.0543,0.6789,0.3284,0.0839,0.440591,0.007107,0.00203,0.029687,0.565997,0.567281,0.968729
CPu,Right,0.421,14.3997,17.6014,0.9695,1.3041,9.236,1.4167,0.7381762,0.0001992,4.20E-05,0.40827,0.2744336,0.002711,0.2392781
Amy,Right,3.9992,1.9044,4.2011,3.3684,0.175,0.0295,0.4893,0.008639,0.169222,0.041787,0.019713,0.913251,0.863828,0.690096
Acb,Right,0.9375,0.9889,0.4052,0.9183,0.0272,1.8187,0.2519,0.4237,0.3213,0.5252,0.4331,0.9939,0.1791,0.8599
BNst,Right,0.3001,0.6381,3.4231,2.9885,1.4311,1.6978,0.4683,0.82527,0.42542,0.06586,0.03234,0.2351,0.19417,0.70473
Vpal,Right,0.6601,12.1062,0.0005,0.9708,0.281,1.1997,2.3396,0.5776063,0.0006245,0.982249,0.407643,0.8391068,0.2747881,0.0748538
PAG,Right,0.8919,1.78,0.0604,0.102,0.3919,0.5889,0.5772,0.4464,0.1838,0.8061,0.9588,0.759,0.4438,0.6307
APT,Right,1.8339,5.0463,8.8514,2.209,0.4689,0.6382,0.673,0.142448,0.025842,0.003313,0.088485,0.704353,0.425388,0.569581
VTA,Right,0.8004,7.6769,0.3499,3.1214,0.2029,0.0893,1.7274,0.495046,0.006155,0.554885,0.027204,0.894302,0.765401,0.162826
Thal_R,Right,0.2734,2.7349,0.1242,1.1646,1.7509,0.0394,0.8943,0.84453,0.09985,0.72487,0.32457,0.15811,0.84285,0.44516
VT,Right,0.8525,2.0486,0.1024,0.4148,0.365,2.3365,1.1961,0.4668,0.154,0.7493,0.7426,0.7783,0.1281,0.3126
LDNT,Right,2.5222,0.0008,2.0475,3.488,0.3503,0.3244,0.7827,0.05918,0.97771,0.15411,0.01685,0.78895,0.56964,0.50492
MGN,Right,1.6061,0.5515,0.5936,0.2209,0.0858,2.6998,0.5598,0.1894,0.4586,0.442,0.8818,0.9677,0.102,0.6422
LGN,Right,0.3621,4.0535,5.1803,0.305,0.4447,2.237,0.7016,0.78046,0.04551,0.02397,0.82174,0.72131,0.13642,0.5522
ZI,Right,2.4795,7.8411,10.2726,0.285,0.3554,0.0061,0.9002,0.062524,0.005641,0.001587,0.836175,0.785291,0.937908,0.442203
RTN,Right,1.3583,0.6508,1.9188,5.2807,0.4968,0.1922,1.138,0.256952,0.420842,0.167628,0.001615,0.68496,0.661603,0.335014
Sub_PP,Right,0.0912,1.7686,0.1022,0.4912,0.6022,1.7205,0.1176,0.9648,0.1852,0.7496,0.6888,0.6144,0.1912,0.9497
DpMe,Right,0.2763,0.6321,15.8953,0.8551,0.1468,0.062,0.1408,0.8424,0.4276,9.58E-05,0.4655,0.9317,0.8036,0.9354
SC,Right,3.053,0.0079,6.5096,4.0138,0.2094,0.1695,0.6216,0.029741,0.929252,0.011525,0.008475,0.889785,0.681003,0.601869
IC,Right,1.5418,2.9021,1.4005,0.3347,0.2753,0.6352,0.1103,0.20512,0.09012,0.23813,0.80028,0.84315,0.42647,0.95399
SN,Right,8.4154,3.421,9.1101,0.7312,0.5652,0.7411,1.1708,2.82E-05,0.065943,0.002895,0.534584,0.638634,0.390399,0.322166
RPC,Right,0.392,4.7116,5.886,0.921,0.1708,0.9132,1.5486,0.75889,0.03121,0.01621,0.43175,0.91599,0.3405,0.20341
MRN,Right,1.3809,1.0993,12.5251,0.6104,1.3976,1.3018,0.3232,0.249969,0.295768,0.000506,0.609031,0.24492,0.255342,0.8086
RI,Right,0.3865,0.7159,1.8179,1.5436,0.8273,0.0167,1.9125,0.7628,0.3986,0.1792,0.2047,0.4804,0.8973,0.129
Cn,Right,0.2666,0.1929,1.2671,1.0071,2.4456,0.0738,0.6884,0.84944,0.66105,0.26174,0.39081,0.06532,0.78622,0.56016
PrCn,Right,0.7597,0.5515,12.8039,0.4421,4.0458,0.0299,1.2294,0.518021,0.458642,0.00044,0.723165,0.008128,0.862871,0.300315
BS_R,Right,2.8054,2.0441,2.9922,0.4439,0.3385,0.1561,2.1345,0.04103,0.15446,0.08531,0.72191,0.79753,0.69319,0.09732
Iped,Right,0.8205,1.9129,2.9802,0.5825,0.2621,0.7856,0.046,0.48403,0.16829,0.08593,0.6272,0.85262,0.37656,0.98686
Cb_1_10,Right,2.6327,2.2739,17.4614,0.5046,1.2609,1.0836,0.717,0.05131,0.13325,4.49E-05,0.67954,0.28914,0.29923,0.54298
Den,Right,0.5117,1.39,0.0006,1.9233,0.3706,0.1553,0.7576,0.6747,0.2399,0.9811,0.1273,0.7743,0.694,0.5192
Int,Right,0.0378,0.4636,3.675,2.0875,0.1892,0.8519,1.9259,0.99013,0.49677,0.05675,0.10333,0.90368,0.3572,0.12684
FasDL,Right,0.4965,3.7241,1.1664,0.3549,0.1616,0.0074,0.1216,0.68514,0.05514,0.28152,0.78567,0.9221,0.93165,0.94727
FasMed,Right,0.3831,0.0006,6.5724,1.5953,0.653,0.5149,0.6516,0.76532,0.98079,0.01114,0.19197,0.58202,0.4739,0.58288
VII,Right,2.2613,0.0543,1.6442,0.1533,0.5573,3.8248,1.0791,0.08275,0.81601,0.20133,0.92744,0.64385,0.05198,0.35919
ParB,Right,2.3286,1.3098,2.3295,0.0621,1.1636,0.9785,0.6182,0.07591,0.25389,0.12862,0.9797,0.32495,0.32384,0.60402
KF,Right,1.3513,0.0751,4.9785,0.9467,1.0375,2.187,0.3006,0.25915,0.78435,0.02685,0.41921,0.3772,0.14085,0.82493
PCRt,Right,0.9626,0.0001,22.101,0.4944,0.9025,0.0083,0.6078,0.4116,0.994,4.99E-06,0.6866,0.441,0.9274,0.6107
CG,Right,2.179,7.5138,0.5136,0.753,0.2705,1.2113,1.2365,0.091944,0.006714,0.474474,0.521856,0.846588,0.272485,0.297764
Su5,Right,0.254,2.0646,0.1593,1.3226,0.5923,2.1971,0.3014,0.8581,0.1524,0.6902,0.2684,0.6208,0.1399,0.8244
m5,Right,1.6173,0.6203,1.3261,0.28,1.862,6.777,0.7216,0.186792,0.431944,0.250957,0.839809,0.905717,0.009971,0.540267
5N,Right,1.0151,3.7193,3.405,0.829,0.6724,1.6042,1.0374,0.38719,0.05529,0.06657,0.47939,0.56994,0.20687,0.37722
PnO,Right,3.7524,1.0779,29.8838,0.1036,0.8308,0.4081,0.3617,0.01193,0.30049,1.45E-07,0.9579,0.47844,0.52373,0.78071
Raph,Right,1.8862,2.384,0.0534,0.2026,1.8428,1.6933,0.9399,0.1334,0.1243,0.8175,0.8945,0.1409,0.1948,0.4225
Pr5,Right,0.9973,0.1071,10.5602,0.8732,1.2068,0.0293,0.0666,0.395312,0.743832,0.001369,0.456033,0.308574,0.86425,0.977533
DTg,Right,0.9634,5.3568,0.0003,0.7083,0.894,0.012,1.2517,0.41115,0.02172,0.98716,0.54817,0.44533,0.91291,0.29238
Tg,Right,1.6557,1.0275,0.1078,0.7305,0.7229,0.092,1.1875,0.1781,0.3121,0.743,0.535,0.5394,0.7619,0.3158
CoN,Right,1.4839,6.399,9.6831,2.4396,0.1805,1.4607,0.7444,0.22033,0.01224,0.00215,0.06582,0.9095,0.22834,0.52686
Pn,Right,0.3322,0.0192,1.81,0.2823,0.5937,0.9872,0.2244,0.0821,0.89,0.1801,0.8381,0.6199,0.3217,0.8794
RTg,Right,0.4766,3.2507,1.1253,1.3637,2.5475,0.0443,1.8953,0.69895,0.07299,0.29015,0.25528,0.05728,0.83361,0.13183
Oliv,Right,0.4081,0.024,17.6859,1.8203,0.8239,0.0192,1.0961,0.7474,0.877,4.03E-05,0.1449,0.4822,0.89,0.3521
PnRt,Right,0.5268,0.0004,8.8769,1.1095,0.7317,0.1774,0.0909,0.664392,0.983298,0.003269,0.346516,0.53428,0.674089,0.964974
Sp5,Right,1.4022,0.4161,1.4994,0.1298,0.807,0.6461,2.2534,0.2436,0.5197,0.2223,0.9423,0.4914,0.4225,0.0836
Ve,Right,1.7556,0.8167,2.7468,0.5121,0.4397,2.9496,1.1938,0.15718,0.36729,0.09912,0.67445,0.72485,0.08755,0.31341
Gi,Right,1.8991,0.0184,17.0264,0.2393,0.5858,0.3859,0.0639,0.1312,0.8923,5.53E-05,0.8688,0.625,0.5352,0.9788
Cu,Right,0.6287,0.4026,0.0788,2.8375,0.4532,0.1984,2.5774,0.59735,0.52653,0.77924,0.03935,0.71532,0.65649,0.05511
ac,Right,0.3953,1.6455,11.1046,4.1149,1.0776,1.2924,0.2934,0.756562,0.201158,0.001037,0.007425,0.359831,0.257046,0.830132
ot,Right,0.0338,0.1801,20.3168,0.788,0.711,1.1452,1.2226,0.9916,0.6718,1.15E-05,0.5071,0.5466,0.2859,0.3028
fi,Right,0.821,0.305,1.2439,5.3275,0.0328,0.0102,0.6395,0.483762,0.581404,0.266144,0.001519,0.992014,0.919842,0.59046
cc,Right,1.4601,0.5769,0.9391,0.8863,1.0135,1.0045,0.7957,0.2269,0.4485,0.3338,0.4493,0.3879,0.3175,0.4977
fx,Right,0.3442,2.2448,1.203,2.1797,0.1173,1.0459,0.165,0.79338,0.13574,0.227413,0.09186,0.94985,0.30777,0.91984
st,Right,1.0925,0.7387,0.3574,0.4525,0.3247,0.5774,0.4634,0.3535,0.3912,0.5507,0.7158,0.8075,0.4483,0.7082
cg,Right,0.0438,3.07944,3.6852,0.6408,0.7553,0.4594,2.9579,0.98589,0.08092,0.05641,0.58965,0.52056,0.49874,0.03366
Io,Right,0.0951,1.7966,0.1569,0.3702,1.3337,0.6395,0.1159,0.9627,0.1817,0.6925,0.7746,0.2648,0.4249,0.9507
vhc,Right,0.3083,3.1887,3.0337,1.033,0.4071,0.492,0.5526,0.81936,0.07576,0.08319,0.37917,0.74804,0.48388,0.64702
ic,Right,0.3406,5.1669,2.9114,0.6552,1.4872,2.7245,2.5453,0.79596,0.02415,0.0896,0.58062,0.21944,0.10049,0.05743
fr,Right,1.4616,0.5422,5.7341,1.4322,0.391,0.2782,0.3216,0.22646,0.46243,0.01762,0.23483,0.75961,0.59854,0.80973
sm,Right,1.3997,1.6868,0.6679,6.2204,0.3,0.0706,0.4237,0.2442932,0.1956194,0.4148331,0.0004748,0.8253941,0.7907959,0.7362407
mt,Right,0.1663,3.0226,0.3254,0.9514,0.9168,1.2394,0.5944,0.91896,0.08375,0.56904,0.41694,0.43388,0.267,0.61939
pc,Right,0.8311,0.0098,0.3918,1.0005,1.4727,3.2207,0.9694,0.47828,0.92142,0.5321,0.39386,0.22338,0.07432,0.40833
bsc,Right,1.9192,1.094,2.7922,0.6798,0.5982,1.125,0.719,0.12791,0.29694,0.09639,0.56544,0.61691,0.29021,0.54177
cp,Right,0.0187,0.2255,63.4989,1.928,0.5284,0.0072,2.1953,0.99651,0.63545,1.50E-13,0.12651,0.66332,0.93224,0.09005
ll,Right,2.542,1.2399,0.9387,0.8329,0.1823,0.0812,2.3001,0.05768,0.26692,0.33386,0.47731,0.9083,0.77596,0.07874
sp5,Right,1.8948,0.0532,6.6467,0.7053,0.6109,0.5995,0.8645,0.1319,0.8179,0.0107,0.5499,0.6087,0.4397,0.4606
py,Right,3.1545,0.872,9.7192,0.6579,0.858,0.6507,0.1355,0.0206,0.35159,0.00211,0.57894,0.46395,0.42089,0.93876
n8,Right,0.7824,0.1046,6.7786,0.1139,0.7741,0.4726,1.7416,0.505107,0.746725,0.009963,0.951894,0.509808,0.492639,0.15996
n7,Right,1.8616,2.6704,4.0848,0.2535,0.2552,2.0916,2.2924,0.13756,0.10391,0.04469,0.85877,0.85759,0.14977,0.07952
Ifp,Right,1.0603,0.0073,0.7236,0.2288,0.2897,1.7402,0.7311,0.3672,0.9318,0.3916,0.8763,0.8328,0.1887,0.5347
mlf_ts,Right,2.1746,0.0271,2.3756,1.2893,0.5462,1.0726,0.0995,0.09246,0.8695,0.12492,0.2794,0.6513,0.3017,0.96019
sc,Right,0.4743,0.7679,15.2057,0.3272,0.5639,0.3093,0.8224,0.7005634,0.3819794,0.0001341,0.8056758,0.6394546,0.5787897,0.4830041
ml,Right,0.6287,1.2965,2.9843,1.667,0.0466,0.0227,1.6517,0.59731,0.2563,0.08572,0.1756,0.98661,0.8803,0.17898
vsc,Right,3.1464,0.4619,0.2865,0.1716,2.3773,0.3842,1.188,0.02633,0.49756,0.59313,0.91546,0.07132,0.5361,0.3156
mcp,Right,1.7505,0.0475,0.7875,0.0375,1.599,0.057,0.2906,0.1582,0.8278,0.376,0.9903,0.1911,0.8116,0.8321
scp,Right,0.3081,0.0882,0.49843,1.6064,0.8279,4.01221,1.1149,0.81949,0.76681,0.02676,0.18934,0.48002,0.04661,0.34431
icp_oc_tz,Right,1.8089,0.5569,1.7581,1.7934,0.5864,0.089,0.2952,0.147,0.4564,0.1865,0.1499,0.6246,0.7658,0.8288
cbw,Right,2.6604,1.0091,4.5376,0.9961,0.1342,0.9653,0.0495,0.3164,0.03446,0.39585,0.39585,0.93957,0.26512,0.41027
LV,Right,0.035,8.7459,6.0673,3.8676,0.1215,0.2265,0.2276,0.9912213,0.003501,0.014671,0.010264,0.947369,0.634714,0.877083
A25,Right,0.1176,3.0884,0.0134,0.9095,2.6814,0.1136,1.0394,0.94972,0.08048,0.90787,0.43752,0.04817,0.73644,0.37632
das,Right,0.315,0.0993,0.0067,1.269,0.0721,4.511,0.2984,0.81454,0.75299,0.935,0.28635,0.97486,0.03499,0.8265
Post,Right,0.9026,0.8037,0.029,0.666,1.0639,0.001,0.1332,0.441,0.3711,0.8649,0.5739,0.3657,0.9747,0.9402
4V,Right,0.3088,0.2452,0.0514,0.33,2.051,0.08,0.8199,0.819,0.6211,0.8208,0.8036,0.1082,0.7776,0.4844
MiTg,Right,1.2607,0.528,1.4732,1.0233,0.5113,0.8825,0.9686,0.2892,0.4684,0.2264,0.3835,0.675,0.3487,0.4087
APT,Right,0.6251,1.0251,0.6918,0.4721,0.3813,0.627,0.6595,0.5996,0.3126,0.4066,0.7021,0.7666,0.4294,0.5779
LDVL,Right,2.8077,1.1979,0.0023,0.5259,0.58,1.6995,1.1255,0.04091,0.27514,0.96203,0.66502,0.62883,1.19395,0.34
LP,Right,3.802,0.2429,3.714,0.7252,0.2893,2.6804,0.2283,0.01118,0.62272,0.05546,0.5381,0.83312,0.10326,0.87658
Athal,Right,0.3753,0.7999,0.1723,1.6953,0.4651,0.0575,0.8625,0.7709,0.3723,0.6785,0.1695,0.707,0.8108,0.4616
RMC,Right,0.7575,4.5932,0.8148,0.6434,0.5187,0.0102,1.4758,0.5193,0.03338,0.36787,0.58802,0.66991,0.91975,0.22252
PaR,Right,1.6767,0.1204,2.2024,0.8871,0.2334,3.4268,0.9872,0.17349,0.72896,0.13947,0.44885,0.872299,0.065722,0.39996
RR,Right,0.3571,0.0549,0.2144,1.6053,1.1205,3.0939,0.5042,0.78404,0.81495,0.64391,0.1896,0.34202,0.08021,0.67982
CSF,Right,1.2183,0.1211,0.1022,0.3657,0.1985,0.0156,0.109,0.3043,0.7282,0.7495,0.7778,0.8973,0.9007,0.9548
IRN,Right,2.0488,12.4049,25.9156,0.5939,0.4991,0.1071,0.3751,0.1085279,0.0005374,8.62E-07,0.6197266,0.6833529,0.7437902,0.7710734
PHD_PaMP_Post_and_LatHy ,Right,0.6831,1.2285,0.4693,2.2328,1.3144,0.307,1.2447,0.56341,0.26911,0.49416,0.08583,0.27104,0.58017,0.29485
PR_p3Tg_L,Right,0.6313,0.8262,3.7181,2.0813,0.2495,0.3881,0.8987,0.59568,0.36453,0.05533,0.10414,0.86165,0.53407,0.44293